{
  "training_time_sec": 80.74,
  "avg_inference_latency_sec": 0.001631,
  "test_accuracy": 0.9892,
  "total_trainable_params": 93322,
  "flops_batch1": 5646588,
  "cnn_conv_layers": [
    "conv2d",
    "conv2d_1",
    "conv2d_2"
  ],
  "vqc_layers": [],
  "per_class_accuracy": {
    "0": 0.9989795918367347,
    "1": 0.9982378854625551,
    "2": 0.997093023255814,
    "3": 0.9881188118811881,
    "4": 0.9969450101832994,
    "5": 0.9910313901345291,
    "6": 0.9780793319415448,
    "7": 0.980544747081712,
    "8": 0.9907597535934292,
    "9": 0.9712586719524281
  }
}