{
  "training_time_sec": 175.35,
  "avg_inference_latency_sec": 0.001237,
  "test_accuracy": 0.9904,
  "total_trainable_params": 93322,
  "flops_batch1": 5646588,
  "cnn_conv_layers": [
    "conv2d",
    "conv2d_1",
    "conv2d_2"
  ],
  "vqc_layers": [],
  "per_class_accuracy": {
    "0": 0.9877551020408163,
    "1": 0.9814977973568282,
    "2": 0.9951550387596899,
    "3": 0.994059405940594,
    "4": 0.9877800407331976,
    "5": 0.9887892376681614,
    "6": 0.9874739039665971,
    "7": 0.9931906614785992,
    "8": 0.9958932238193019,
    "9": 0.9930624380574826
  }
}