{
  "training_time_sec": 1203.17,
  "avg_inference_latency_sec": 0.056193,
  "test_accuracy": 0.6881,
  "total_trainable_params": 210,
  "flops_batch1": 254825,
  "cnn_conv_layers": [
    "conv2d"
  ],
  "vqc_layers": [],
  "per_class_accuracy": {
    "0": 0.8040816326530612,
    "1": 0.9436123348017621,
    "2": 0.3478682170542636,
    "3": 0.694059405940594,
    "4": 0.7443991853360489,
    "5": 0.6266816143497758,
    "6": 0.5480167014613778,
    "7": 0.7947470817120622,
    "8": 0.6950718685831622,
    "9": 0.647175421209118
  }
}