{
  "training_time_sec": 6665.56,
  "avg_inference_latency_sec": 0.002873,
  "test_accuracy": 0.9755,
  "total_trainable_params": 11162,
  "flops_batch1": 2083073,
  "cnn_conv_layers": [
    "conv2d",
    "conv2d_1"
  ],
  "vqc_layers": [
    "keras_layer"
  ],
  "per_class_accuracy": {
    "0": 0.9795918367346939,
    "1": 0.9929515418502203,
    "2": 0.9651162790697675,
    "3": 0.9841584158415841,
    "4": 0.9857433808553971,
    "5": 0.9618834080717489,
    "6": 0.9707724425887265,
    "7": 0.9708171206225681,
    "8": 0.9640657084188912,
    "9": 0.9762140733399405
  }
}